ping_ts,order_id,lat,lon,speed_kmph
2025-03-14 20:05:00,O000007,12.97106,77.59149,3.2
2025-03-14 20:05:40,O000007,12.9704,77.59527,34.2
2025-03-14 20:06:20,O000007,12.97175,77.5953,33.7
2025-03-14 20:07:00,O000007,12.97228,77.59645,28.5
2025-03-14 20:07:40,O000007,12.97135,77.59433,23.9
2025-03-14 20:08:20,O000007,12.97385,77.59394,26.7
2025-03-14 20:09:00,O000007,12.97054,77.59275,41.2
2025-03-14 20:09:40,O000007,12.96929,77.59347,10.8
2025-03-14 20:10:20,O000007,12.97141,77.59104,2.1
2025-03-14 20:11:00,O000007,12.97479,77.59085,10.0
2025-03-14 20:11:40,O000007,12.97816,77.58814,12.3
2025-03-14 20:12:20,O000007,12.97552,77.58888,16.2
2025-03-14 20:13:00,O000007,12.97277,77.58536,27.7
2025-03-14 20:13:40,O000007,12.97378,77.58321,13.8
2025-03-14 20:14:20,O000007,12.97223,77.58582,39.6
