order_id,customer_id,restaurant_id,partner_id,order_datetime,city,promised_minutes,delivered_minutes,order_value,payment_method,status,rating
O000001,C0001,R014,P017,2025-01-07 10:13:00,Mumbai,33,12,272,Cash on Delivery,Delivered,5
O000002,C0004,R024,P005,2025-01-29 21:14:00,Mumbai,28,28,214,Cash on Delivery,Delivered,5
O000003,C0004,R055,P056,2025-01-14 22:02:00,Mumbai,33,40,91,UPI,Delivered,4
O000004,C0004,R059,P005,2025-01-04 09:21:00,Mumbai,35,,222,Wallet,Cancelled,
O000005,C0014,R035,P096,2025-01-21 12:57:00,Pune,42,29,399,Debit Card,Delivered,4
O000006,C0020,R055,P038,2025-01-27 12:21:00,Mumbai,35,36,672,UPI,Delivered,5
O000007,C0025,R019,P019,2025-01-31 14:13:00,Hyderabad,25,23,337,Wallet,Delivered,5
O000008,C0029,R042,P036,2025-01-05 15:55:00,Delhi,41,30,177,UPI,Delivered,5
O000009,C0029,R017,P100,2025-01-22 18:38:00,Delhi,34,31,189,Credit Card,Delivered,5
O000010,C0032,R015,P035,2025-01-11 15:28:00,Bengaluru,44,41,267,Cash on Delivery,Delivered,5
O000011,C0034,R016,P041,2025-01-05 10:51:00,Delhi,35,22,251,UPI,Delivered,4
O000012,C0035,R050,P079,2025-01-14 21:11:00,Hyderabad,42,29,630,Wallet,Delivered,4
O000013,C0036,R015,P106,2025-01-26 10:29:00,Bengaluru,33,40,800,Debit Card,Delivered,4
O000014,C0045,R015,P112,2025-01-12 13:29:00,Bengaluru,28,17,324,Debit Card,Delivered,4
O000015,C0046,R006,P085,2025-01-14 12:39:00,Bengaluru,38,36,688,Credit Card,Delivered,5
O000016,C0047,R018,P101,2025-01-24 10:36:00,Chennai,37,23,608,Cash on Delivery,Delivered,5
O000017,C0047,R002,P011,2025-01-25 17:24:00,Chennai,45,34,210,Debit Card,Delivered,5
O000018,C0048,R015,P091,2025-01-07 22:43:00,Bengaluru,25,19,1103,Credit Card,Delivered,5
O000019,C0048,R001,P001,2025-01-28 14:03:00,Bengaluru,43,41,962,Cash on Delivery,Delivered,5
O000020,C0049,R038,P090,2025-01-05 22:35:00,Pune,29,23,585,UPI,Delivered,5
O000021,C0052,R051,P086,2025-01-22 22:08:00,Chennai,39,41,388,Wallet,Delivered,5
O000022,C0052,R030,P077,2025-01-28 11:15:00,Chennai,28,29,452,UPI,Delivered,4
O000023,C0052,R030,P086,2025-01-05 11:46:00,Chennai,27,23,540,Debit Card,Delivered,5
O000024,C0057,R040,P070,2025-01-15 14:57:00,Hyderabad,44,33,270,Cash on Delivery,Delivered,4
O000025,C0059,R015,P113,2025-01-19 21:36:00,Bengaluru,33,36,434,UPI,Delivered,5
O000026,C0059,R006,P106,2025-01-20 21:58:00,Bengaluru,40,55,976,UPI,Delivered,4
O000027,C0061,R048,P078,2025-01-05 21:59:00,Mumbai,43,47,646,UPI,Delivered,4
O000028,C0065,R047,P030,2025-01-16 14:30:00,Hyderabad,38,25,379,Wallet,Delivered,4
O000029,C0069,R055,P067,2025-01-17 09:02:00,Mumbai,28,32,245,Credit Card,Delivered,4
O000030,C0071,R034,P005,2025-01-11 09:44:00,Mumbai,36,39,670,Credit Card,Delivered,5
O000031,C0072,R033,P116,2025-01-02 21:42:00,Hyderabad,45,29,541,Debit Card,Delivered,4
O000032,C0072,R046,P031,2025-01-10 12:42:00,Hyderabad,26,17,239,UPI,Delivered,5
O000033,C0074,R025,P087,2025-01-06 12:04:00,Pune,42,43,228,Debit Card,Delivered,4
O000034,C0074,R031,P096,2025-01-04 13:04:00,Pune,45,32,229,Wallet,Delivered,5
O000035,C0074,R039,P119,2025-01-09 20:44:00,Pune,40,35,504,UPI,Delivered,4
O000036,C0078,R004,P080,2025-01-31 10:52:00,Delhi,45,34,447,Debit Card,Delivered,5
O000037,C0080,R009,P087,2025-01-25 14:41:00,Pune,40,47,941,Credit Card,Delivered,4
O000038,C0082,R055,P064,2025-01-08 13:24:00,Mumbai,35,53,721,UPI,Delivered,3
O000039,C0082,R055,P105,2025-01-13 19:13:00,Mumbai,29,25,518,Credit Card,Delivered,5
O000040,C0082,R015,P117,2025-01-23 22:08:00,Bengaluru,43,43,139,UPI,Delivered,4
